<?xml version="1.0" encoding="utf-8" standalone="yes"?><rss version="2.0" xmlns:atom="http://www.w3.org/2005/Atom"><channel><title>Shinajii</title><link>/</link><description>Recent content on Shinajii</description><generator>Hugo -- gohugo.io</generator><atom:link href="/index.xml" rel="self" type="application/rss+xml"/><item><title/><link>/profile/quaywest/</link><pubDate>Mon, 01 Jan 0001 00:00:00 +0000</pubDate><guid>/profile/quaywest/</guid><description>What is a Film&amp;rsquo;s Post-Production Process? Nunc ac justo, lobortis massa tellus feugiat. Magna pulvinar tortor aliquam turpis vel faucibus ut. Nunc ornare libero nullam quis sem lorem a pharetra non. Ornare ut non in faucibus. Enim, ut id ut enim elementum in. Erat quis senectus felis pharetra quis arcu convallis in. Vestibulum dui senectus adipiscing dignissim duis integer vitae. Faucibus dis nullam vitae malesuada risus pellentesque. Urna amet, elementum facilisis in potenti consequat.</description></item><item><title/><link>/profile/sandiland/</link><pubDate>Mon, 01 Jan 0001 00:00:00 +0000</pubDate><guid>/profile/sandiland/</guid><description/></item></channel></rss>